{"stats":{"minecraft:picked_up":{"minecraft:wheat_seeds":1},"minecraft:custom":{"minecraft:time_since_rest":959,"minecraft:open_chest":25,"minecraft:crouch_one_cm":5899,"minecraft:play_one_minute":22610,"minecraft:interact_with_furnace":1,"minecraft:sprint_one_cm":14262,"minecraft:deaths":1,"minecraft:walk_one_cm":59749,"minecraft:sneak_time":1707,"minecraft:drop":2,"minecraft:jump":173,"minecraft:inspect_hopper":2,"minecraft:damage_dealt":10,"minecraft:leave_game":3,"minecraft:time_since_death":899,"minecraft:sleep_in_bed":1,"minecraft:climb_one_cm":2994,"minecraft:fly_one_cm":90557},"minecraft:dropped":{"minecraft:egg":32},"minecraft:used":{"minecraft:oak_trapdoor":2,"minecraft:oak_log":31,"minecraft:oak_door":1,"minecraft:glass":5,"minecraft:torch":8,"minecraft:writable_book":2,"minecraft:repeater":2,"minecraft:lava_bucket":1,"minecraft:dirt":7,"minecraft:cobblestone":139,"minecraft:comparator":1,"minecraft:hopper":5,"minecraft:oak_slab":33,"minecraft:crafting_table":1,"minecraft:oak_stairs":32,"minecraft:furnace":1,"minecraft:grass_block":1,"minecraft:dispenser":1,"minecraft:redstone":6,"minecraft:ladder":4,"minecraft:oak_planks":53,"minecraft:oak_sign":4,"minecraft:white_bed":1,"minecraft:smooth_stone_slab":1,"minecraft:chicken_spawn_egg":38,"minecraft:chest":4}},"DataVersion":2580}